taxon;Our_Taxonomy
Diaforarchaea group;Other_Archaea
Stenosarchaea group;Other_Archaea
Thermoplasmata;Other_Archaea
Euryarchaeota;Other_Archaea
Methanomicrobia;Other_Archaea
Candidatus Nitrosomarinus;Thaumarchaeota
Candidatus Nitrosomarinus catalina;Thaumarchaeota
Aliiglaciecola lipolytica;Alteromonadales
Alteromonas gracilis;Alteromonadales
Pseudoalteromonadaceae;Alteromonadales
Pseudoalteromonas sp. H105;Alteromonadales
Pseudoalteromonas sp. NBT06-2;Alteromonadales
Shewanellaceae;Alteromonadales
unclassified Alteromonas;Alteromonadales
Porticoccus;Cellvibrionales
unclassified Spongiibacteraceae;Cellvibrionales
Formosa;Flavobacteriales
unclassified Flavobacteriia;Flavobacteriales
Lentisphaerae;Verrucomicrobia
Thalassolituus oleivorans;Oceanospirillales
Haliscomenobacteraceae;Other_Bacteroidetes
Leclercia adecarboxylata;Other_Bacteroidetes
Cyanobacteria/Melainabacteria group;Other_Cyanobacteria
unclassified Betaproteobacteria;Other_Proteobacteria
unclassified Betaproteobacteria (miscellaneous);Other_Proteobacteria
delta/epsilon subdivisions;Other_Proteobacteria
Epsilonproteobacteria;Other_Proteobacteria
Pelagibacter phage HTVC008M;Pelagibacterales
Pelagibacterales;Pelagibacterales
unclassified SAR116 cluster;Pelagibacterales
Lentibacter algarum;Rhodobacterales
Leptospiraceae;Spirochaetes
Spirochaetes;Spirochaetes
Vibrionales;Vibrionales
Agrobacterium virus Atuph07;Viruses
Caudovirales;Viruses
Chrysochromulina ericina virus;Viruses
Mimiviridae;Viruses
Myoviridae;Viruses
Phycodnaviridae;Viruses
Podoviridae;Viruses
Prasinovirus;Viruses
Puniceispirillum phage HMO-2011;Viruses
Riboviria;Viruses
Siphoviridae;Viruses
TACK group;Viruses
unclassified Myoviridae;Viruses
unclassified Phycodnaviridae;Viruses
unclassified Podoviridae;Viruses
unclassified Prasinovirus;Viruses
unclassified Prymnesiovirus;Viruses
Viruses;Viruses
Candidatus Nitrosopelagicus brevis;Thaumarchaeota
Nitrosopumilaceae;Thaumarchaeota
Nitrosopumilales;Thaumarchaeota
Candidatus Nitrosotenuis;Thaumarchaeota
Thaumarchaeota;Thaumarchaeota
unclassified Thaumarchaeota;Thaumarchaeota
Archaea;Other_Archaea
Actinobacteria;Actinobacteria
Actinobacteria;Actinobacteria
Alteromonadaceae;Alteromonadales
Alteromonadales;Alteromonadales
Alteromonas;Alteromonadales
Colwellia;Alteromonadales
Colwelliaceae;Alteromonadales
Glaciecola;Alteromonadales
Glaciecola punicea;Alteromonadales
Glaciecola sp. HTCC2999;Alteromonadales
Marinobacter;Alteromonadales
Paraglaciecola;Alteromonadales
Pseudoalteromonas;Alteromonadales
Psychrosphaera saromensis;Alteromonadales
Shewanella;Alteromonadales
Thalassotalea;Alteromonadales
unclassified Glaciecola;Alteromonadales
unclassified Pseudoalteromonas;Alteromonadales
Burkholderiaceae;Burkholderiales
Burkholderiales;Burkholderiales
Comamonadaceae;Burkholderiales
Limnohabitans;Burkholderiales
Oxalobacteraceae;Burkholderiales
Cellvibrionaceae;Cellvibrionales
Cellvibrionales;Cellvibrionales
gamma proteobacterium HIMB55;Cellvibrionales
gamma proteobacterium HTCC2207;Cellvibrionales
Gammaproteobacteria bacterium LSUCC0057;Cellvibrionales
Gammaproteobacteria bacterium MOLA455;Cellvibrionales
Halieaceae;Cellvibrionales
marine gamma proteobacterium HTCC2080;Cellvibrionales
marine gamma proteobacterium HTCC2143;Cellvibrionales
Microbulbifer;Cellvibrionales
Oceanicoccus;Cellvibrionales
Porticoccaceae;Cellvibrionales
Porticoccus hydrocarbonoclasticus;Cellvibrionales
SAR92 clade;Cellvibrionales
Spongiibacteraceae;Cellvibrionales
unclassified Halieaceae;Cellvibrionales
unclassified Porticoccaceae;Cellvibrionales
Chloroflexi;Chloroflexi
Bacillaceae;Firmicutes
Bacillales;Firmicutes
Bacilli;Firmicutes
Clostridia;Firmicutes
Clostridiales;Firmicutes
Firmicutes;Firmicutes
Aquimarina;Flavobacteriales
Brumimicrobium;Flavobacteriales
Crocinitomicaceae;Flavobacteriales
Crocinitomix;Flavobacteriales
Flavicella sp. ALS 84;Flavobacteriales
Flavobacteria bacterium MS024-2A;Flavobacteriales
Flavobacteria bacterium MS024-3C;Flavobacteriales
Flavobacteriaceae;Flavobacteriales
Flavobacteriales;Flavobacteriales
Flavobacteriia;Flavobacteriales
Flavobacterium;Flavobacteriales
Formosa sp. Hel1_33_131;Flavobacteriales
Formosa sp. Hel3_A1_48;Flavobacteriales
Owenweeksia hongkongensis;Flavobacteriales
Polaribacter;Flavobacteriales
Tenacibaculum;Flavobacteriales
unclassified Formosa;Flavobacteriales
unclassified Polaribacter;Flavobacteriales
unclassified Winogradskyella;Flavobacteriales
Winogradskyella;Flavobacteriales
Legionellales;Legionellales
Lentisphaera araneosa;Lentisphaerae
Lentisphaeria;Lentisphaerae
Methylococcales;Other_Gammaproteobacteria
Myxococcales;Other_proteobacteria
beta proteobacterium KB13;Other_proteobacteria
Methylophilaceae;Other_proteobacteria
Methylophilales bacterium HTCC2181;Other_proteobacteria
Nitrosomonadales;Other_proteobacteria
OM43 clade;Other_proteobacteria
unclassified Nitrosomonadales;Other_proteobacteria
Bacteriovoracales;Nitrospinales
Nitrospina gracilis;Nitrospinales
Alcanivoracaceae;Oceanospirillales
Bermanella marisrubri;Oceanospirillales
Halomonadaceae;Oceanospirillales
Halomonas;Oceanospirillales
Marinomonas;Oceanospirillales
Oceanospirillaceae;Oceanospirillales
Oceanospirillales;Oceanospirillales
Oleiphilus;Oceanospirillales
Oleiphilus sp. HI0125;Oceanospirillales
Oleispira antarctica;Oceanospirillales
unclassified Oleiphilus;Oceanospirillales
Alphaproteobacteria;Other_Alphaproteobacteria
Candidatus Puniceispirillum marinum;Other_Alphaproteobacteria
PS1 clade;Other_Alphaproteobacteria
SAR116 cluster;Other_Alphaproteobacteria
SAR116 cluster alpha proteobacterium HIMB100;Other_Alphaproteobacteria
unclassified Alphaproteobacteria;Other_Alphaproteobacteria
Bacteroidales;Other_Bacteroidetes
Bacteroidetes;Other_Bacteroidetes
Bacteroidia;Other_Bacteroidetes
Chitinophagaceae;Other_Bacteroidetes
Cyclobacteriaceae;Other_Bacteroidetes
Cytophagaceae;Other_Bacteroidetes
Cytophagales;Other_Bacteroidetes
Flammeovirgaceae;Other_Bacteroidetes
Hymenobacteraceae;Other_Bacteroidetes
Lewinella;Other_Bacteroidetes
Lewinellaceae;Other_Bacteroidetes
Marinilabiliales;Other_Bacteroidetes
Pedobacter;Other_Bacteroidetes
Phaeodactylibacter xiamenensis;Other_Bacteroidetes
Saprospiraceae;Other_Bacteroidetes
Saprospirales;Other_Bacteroidetes
Sphingobacteriaceae;Other_Bacteroidetes
Sphingobacteriales;Other_Bacteroidetes
Cyanobacteria;Other_Cyanobacteria
Candidatus Thioglobus;Other_Gammaproteobacteria
Candidatus Thioglobus singularis;Other_Gammaproteobacteria
gamma proteobacterium HIMB30;Other_Gammaproteobacteria
Gammaproteobacteria;Other_Gammaproteobacteria
Pseudohongiella;Other_Gammaproteobacteria
Pseudohongiella acticola;Other_Gammaproteobacteria
unclassified Gammaproteobacteria;Other_Gammaproteobacteria
unclassified Gammaproteobacteria (miscellaneous);Other_Gammaproteobacteria
Betaproteobacteria;Other_Proteobacteria
Betaproteobacteria bacterium MOLA814;Other_Proteobacteria
Campylobacteraceae;Other_Proteobacteria
Campylobacterales;Other_Proteobacteria
Chromatiaceae;Other_Proteobacteria
Chromatiales;Other_Proteobacteria
Deltaproteobacteria;Other_Proteobacteria
Ectothiorhodospiraceae;Other_Proteobacteria
Enterobacterales;Other_Proteobacteria
Enterobacteriaceae;Other_Proteobacteria
Oligoflexia;Other_Proteobacteria
Proteobacteria;Other_Proteobacteria
Woeseia oceani;Other_Proteobacteria
alpha proteobacterium HIMB59;Pelagibacterales
Candidatus Pelagibacter;Pelagibacterales
Candidatus Pelagibacter ubique;Pelagibacterales
Pelagibacteraceae;Pelagibacterales
Pelagibacteraceae bacterium ETNP-OMZ-SAG-A7;Pelagibacterales
unclassified Candidatus Pelagibacter;Pelagibacterales
unclassified Pelagibacteraceae;Pelagibacterales
Mariniblastus fucicola;Planctomycetes
Planctomycetaceae;Planctomycetes
Planctomycetales;Planctomycetes
Planctomycetes;Planctomycetes
Rhodopirellula;Planctomycetes
Prochlorococcus;Prochlorococcus
Prochlorococcus marinus;Prochlorococcus
Moraxellaceae;Pseudomonadales
Pseudomonadaceae;Pseudomonadales
Pseudomonadales;Pseudomonadales
Pseudomonas;Pseudomonadales
Bradyrhizobiaceae;Rhizobiales
Phyllobacteriaceae;Rhizobiales
Phyllobacteriaceae bacterium Water-Bin73;Rhizobiales
Rhizobiaceae;Rhizobiales
Rhizobiales;Rhizobiales
Rhodobiaceae;Rhizobiales
unclassified Phyllobacteriaceae;Rhizobiales
Hyphomonadaceae;Rhodobacterales
Nereida ignava;Rhodobacterales
Planktotalea;Rhodobacterales
Rhodobacteraceae;Rhodobacterales
Rhodobacteraceae bacterium HIMB11;Rhodobacterales
Rhodobacteraceae bacterium HTCC2083;Rhodobacterales
Rhodobacteraceae bacterium SB2;Rhodobacterales
Rhodobacterales;Rhodobacterales
Rhodobacterales bacterium HTCC2255;Rhodobacterales
unclassified Rhodobacteraceae;Rhodobacterales
Nisaea denitrificans;Rhodospirillales
Rhodobacteraceae bacterium Water-Bin34;Rhodospirillales
Rhodospirillaceae;Rhodospirillales
Rhodospirillales;Rhodospirillales
unclassified Rhodospirillaceae;Rhodospirillales
Sphingomonadaceae;Sphingomonadales
Sphingomonadales;Sphingomonadales
Leptospira;Spirochaetes
Spirochaetia;Spirochaetes
Synechococcaceae;Synechococcales
Synechococcales;Synechococcales
Synechococcus;Synechococcales
Synechococcus sp. BL107;Synechococcales
Synechococcus sp. CC9902;Synechococcales
unclassified Synechococcus;Synechococcales
Thiotrichales;Thiotrichales
Bacteria;Unclassified_Bacteria
Bacteroidetes/Chlorobi group;Unclassified_Bacteria
Candidatus Marinimicrobia;Unclassified_Bacteria
Candidatus Marinimicrobia bacterium;Unclassified_Bacteria
FCB group;Unclassified_Bacteria
Nitrospinae/Tectomicrobia group;Unclassified_Bacteria
PVC group;Unclassified_Bacteria
Terrabacteria group;Unclassified_Bacteria
Coraliomargarita;Verrucomicrobia
Coraliomargarita akajimensis;Verrucomicrobia
Coraliomargarita sp. WN38;Verrucomicrobia
Opitutaceae;Verrucomicrobia
Opitutae;Verrucomicrobia
Pedosphaera parvula;Verrucomicrobia
unclassified Verrucomicrobia (miscellaneous);Verrucomicrobia
Verrucomicrobia;Verrucomicrobia
Verrucomicrobia bacterium SCGC AAA164-O14;Verrucomicrobia
Verrucomicrobia bacterium SCGC AAA168-F10;Verrucomicrobia
Verrucomicrobiaceae;Verrucomicrobia
Verrucomicrobiae;Verrucomicrobia
Verrucomicrobiales;Verrucomicrobia
Vibrio;Vibrionales
Vibrionaceae;Vibrionales
Xanthomonadales;Xanthomonadales
