sample;Depth;NO3;NO2;NH4;TIN;PO4;SiO2;DOC;TN;DON;Chla_0.2;Chla_3;Chlorophyll_a;Bacterial_abundance;Bacterial_biomass; Synechococcales;Prochlorococcus;Pico_small;Pico_big;PP_0.2;PP_0.2_SD;PP_3;PP_3_SD;PP_total;PP_total_ee;BP;BP_ee
ENV1_D1_S3;5;3.4678;0.286;0.2205;3.9743;0.2459;6.3111;69.3545;9.7392;5.7649;0.2872296;0.7838544;1.071084;109938.9111;1.117911756;275;0;39;25;0.99;0.108;0.335;0.035;1.325;0.143;0.386;0.039
ENV1_D1_S3;10;3.0882;0.2582;0.073;3.4194;0.2394;5.2427;67.3531;9.0365;5.6171;0.134316;0.3526656;0.4869816;96503.40752;1.059527945;1913;0;378;29;0.756;0.021;0.315;0.014;1.087;0.046;0.102;0.005
ENV1_D1_S3;25;3.5786;0.1418;0.0405;3.761;0.31;5.2497;57.5381;8.7348;4.9738;0.1418928;0.2658768;0.4077696;78937.73055;0.848348657;6469;785;1712;206;0.091;0.004;0.078;0.012;0.169;0.016;0.301;0.03
ENV1_D1_S3;50;7.5015;0.086;0.0483;7.6358;0.5598;6.4529;63.0588;11.1543;3.5185;0.03444;0.0854112;0.1198512;56711.09493;0.691546006;12046;956;4081;682;0.003;0;0.002;0.002;0.005;0.002;0.034;0.004
ENV1_D1_S3;75;10.733;0.081;0.0709;10.8849;0.7381;7.8229;64.8737;10.9142;0.0293;0.010332;0.0640584;0.0743904;29690.80431;0.39735511;12021;1055;4360;647;;;;;;;0.173;0.014
ENV1_D1_S6;5;1.3248;0.1788;0.1069;1.6104;0.16;3.2264;;;;0.2114616;0.867888;1.0793496;117237;1.426191368;11094;1579;2879;437;;;;;;;;
ENV1_D1_S6;30;1.6454;0.1977;0.0544;1.8975;0.1755;3.4151;;;;0.3361344;0.9105936;1.246728;105792;1.239009248;11551;1972;3061;461;;;;;;;;
ENV1_D1_S6;50;1.7342;0.1973;0.0445;1.9761;0.1768;3.4718;;;;0.2589888;0.7824768;1.0414656;104913;1.290708039;11982;2389;3016;284;;;;;;;;
ENV1_D1_S6;110;1.9798;0.1907;0.0457;2.2162;0.199;3.7156;;;;0.1901088;0.3629976;0.5531064;91494;0.998851846;1285;235;250;34;;;;;;;;
ENV1_D1_S6;150;5.5864;0.0364;0.0418;5.6646;0.4041;4.4038;;;;0.027312417;0.043154817;0.070467235;39079;0.43246714;11752;2089;3713;505;;;;;;;;
ENV1_D3_S3;5;4.3962;0.3584;0.3253;5.0799;0.2766;6.577;68.8508;8.0995;3.0197;0.4711392;1.0187352;1.4898744;149134.0902;2.039001871;5155;0;8524;2418;3.782179565;0.098423518;0.977425259;0.097507946;4.759604825;0.180646346;1.47774989;0.083700655
ENV1_D3_S3;15;2.1361;0.2373;0.0589;2.4323;0.2155;3.2215;236.8647;8.8098;6.3775;0.1990632;0.630252;0.8293152;112692.36;1.334309732;8230;981;3374;799;0.78633313;0.061557504;0.281315999;0.101881722;1.054512601;0.145900283;0.278097365;0.018901275
ENV1_D3_S3;25;3.1933;0.2151;0.0793;3.4876;0.2741;4.1596;52.411;7.2017;3.7141;0.1398264;0.423612;0.5634384;97448.86888;1.131243587;4512;721;1550;427;0.189951659;0.019229987;0.076495987;0.039962115;0.266447646;0.059189598;0.193409279;0.005199089
ENV1_D3_S3;50;4.7108;0.0806;0.0298;4.8211;0.4548;4.0578;58.7355;12.1335;7.3123;0.0399504;0.213528;0.2534784;59812.87169;0.662375855;1879;240;334;20;0.024287793;0.002493212;0.014234759;0.01088464;0.038522551;0.010226094;0.122168287;0.022030084
ENV1_D3_S3;75;11.7948;0.091;0.1086;11.9944;0.7413;7.1755;53.9604;12.3927;0.3983;0.0179088;0.2335032;0.251412;29823.50064;0.359279369;392;0;108;20;;;;;;;0.283247317;0.054251383
ENV1_D3_S6;5;0.9019;0.114;0.039;1.0548;0.1152;2.2856;;;;0.304542681;1.062911481;1.367454162;128599.3328;1.922667093;21242;0;6739;1329;;;;;;;;
ENV1_D3_S6;25;1.599;0.1892;0.0226;1.8108;0.1542;2.8604;;;;0.485008281;1.400423481;1.885431762;143146.1682;2.017167555;15259;2776;4360;966;;;;;;;;
ENV1_D3_S6;50;1.656;0.2406;0.0605;1.9571;0.167;2.8813;;;;0.199845081;0.876246681;1.076091762;112277.684;1.492129757;12443;2011;3355;486;;;;;;;;
ENV1_D3_S6;90;1.9125;0.2248;0.0313;2.1685;0.1783;3.2932;;;;0.290766681;0.646187481;0.936954162;115396.0478;1.513282277;5209;1045;1280;142;;;;;;;;
ENV1_D3_S6;125;3.5597;0.1039;0.0351;3.6987;0.2977;3.7913;;;;0.082749081;0.146118681;0.228867762;73679.6384;0.972807728;20374;3188;6121;1035;;;;;;;;
ENV1_D3_S6;150;5.694;0.093;0.0928;5.8797;0.3974;6.1601;;;;0.018690681;0.070350681;0.089041362;34003.4351;0.435377078;5;0;10;0;;;;;;;;
ENV1_D3_S6;200;5.3228;0.0694;0.1149;5.5071;0.4499;4.9633;;;;0.025578681;0.033155481;0.058734162;55002.62965;0.707661568;3051;603;618;74;;;;;;;;
ENV1_D5_S3;5;4.6256;0.1915;0.0893;4.9064;0.1773;8.5741;63.6671;9.725;4.8186;0.906850843;3.841138843;4.747989687;155370.8178;2.151385405;16259;0;28761;3070;11.36421818;0.32158734;2.194338677;0.055596497;13.55855686;0.3762569;1.465386362;0.036410766
ENV1_D5_S3;10;2.9424;0.0939;0.0992;3.1355;0.1707;6.1274;63.4629;8.4515;5.3159;0.913738843;4.178650843;5.092389687;158489.1816;2.118329374;26534;0;15484;1780;9.764702522;0.462084202;1.504119104;0.056791725;11.188373;0.357053566;0.794474278;0.016040869
ENV1_D5_S3;15;2.9492;0.0903;0.0853;3.1249;0.2182;5.0415;54.8129;7.6527;4.5279;0.709394843;2.959474843;3.668869687;144008.6944;1.866323331;4419;0;1074;343;1.08017315;0.165614186;0.078705427;0.149641695;1.158878577;0.301168319;0.516374242;0.012667514
ENV1_D5_S3;30;4.4074;0.1064;0.086;4.5997;0.3554;5.4656;60.9362;8.2413;3.6416;0.100523306;0.252748106;0.353271412;92190.77672;1.147053406;353;0;69;10;0.069422893;0.046611728;0.119409119;0.066676515;0.188832012;0.113284086;0.179046046;0.025514743
ENV1_D5_S3;70;9.6035;0.0687;0.1022;9.7743;0.6289;6.7678;44.9555;10.4695;0.6952;0.024066506;0.046108106;0.070174612;36076.81529;0.439473367;25465;5;21998;2241;;;;;;;0.161345676;0.026725181
ENV1_D5_S6;5;1.06;0.192;0.1013;1.3533;0.1325;2.77;;;;0.5980424;1.8275504;2.4255928;191165.6534;2.715375974;23219;2438;5964;1560;;;;;;;;
ENV1_D5_S6;20;1.2975;0.1816;0.0889;1.5681;0.1511;3.2345;;;;0.5863328;1.1139536;1.7002864;178858.0686;2.475969296;29531;3561;8103;809;;;;;;;;
ENV1_D5_S6;50;1.8787;0.2769;0.0891;2.2447;0.1894;3.4953;;;;0.244688;0.282572;0.52726;127156.2602;1.640432512;12674;2099;3134;181;;;;;;;;
ENV1_D5_S6;100;2.8651;0.1767;0.0979;3.1398;0.2459;3.2093;;;;0.155144;0.3920912;0.5472352;93600.67525;1.296669936;8946;1005;1540;142;;;;;;;;
ENV1_D5_S6;150;6.9645;0.027;0.089;7.0805;0.4619;4.5759;;;;0.0463136;0.062156;0.1084696;43159.48201;0.637639206;329;74;98;20;;;;;;;;
ENV1_D7_S3;5;6.6284;0.0054;0.1457;6.7795;0.2641;13.5091;60.2574;9.52;2.7405;1.071627789;2.676531789;3.748159579;163448.7071;2.350483205;11212;0;29438;3860;6.406255671;0.069901526;1.632374957;0.189940786;8.038630628;0.129492131;2.42771801;0.007019355
ENV1_D7_S3;15;3.8011;0.0822;0.1096;3.9928;0.2516;5.5889;62.7198;8.7675;4.7746;0.632862189;4.228398189;4.861260379;157228.5665;2.024453129;14915;5;14263;1442;5.907047108;0.041490055;0.654832638;0.091174767;6.533073385;0.045854558;0.856032987;0.007075049
ENV1_D7_S3;30;5.0135;0.1341;0.0808;5.2284;0.3918;4.5989;59.0028;8.9493;3.7209;0.165855789;0.384894189;0.550749979;79850.01784;0.969836116;3664;0;1162;319;0.164383649;0.074906338;0.158064553;0.037601535;0.322448202;0.111522558;0.146990223;0.008835031
ENV1_D7_S3;50;8.0881;0.1384;0.0837;8.3102;0.5913;5.6502;50.7703;10.3911;2.0809;0.087332589;0.260910189;0.348242779;58004.88417;0.64924779;976;0;201;103;0.051947325;0.020945923;0.016473229;0.000377414;0.068420554;0.021269169;0.189025196;0.02568406
ENV1_D7_S3;75;10.0081;0.164;0.2129;10.385;0.7218;6.7153;54.8034;12.1434;1.7584;0.037050189;0.368362989;0.405413179;52680.44384;0.620481425;873;0;98;44;;;;;;;0.305877136;0.005524872
ENV1_D7_S6;5;1.3219;0.2229;0.0659;1.6107;0.1519;2.2631;;;;0.500612589;1.611646989;2.112259579;232616.6702;3.023505159;31483;3556;7097;1094;;;;;;;;
ENV1_D7_S6;20;1.2263;0.2291;0.0549;1.5102;0.1499;2.2227;;;;0.338744589;1.606825389;1.945569979;240959.952;3.139757466;32597;3105;7176;1197;;;;;;;;
ENV1_D7_S6;55;1.3215;0.2579;0.0506;1.63;0.1542;2.3974;;;;0.293283789;1.553787789;1.847071579;232284.9293;3.212115588;30468;3477;7303;1128;;;;;;;;
ENV1_D7_S6;85;2.2067;0.2833;0.0467;2.5367;0.211;2.9906;;;;0.452396589;0.228536589;0.680933179;124203.7668;1.43926056;13772;2384;2933;510;;;;;;;;
ENV1_D7_S6;130;6.6366;0.0562;0.0077;6.7005;0.4534;4.2331;;;;0.051514989;0.035672589;0.087187579;49877.23383;0.619599539;1329;0;284;64;;;;;;;;
ENV1_D7_S6;160;7.687;0.0459;0.0014;7.7343;0.5033;4.9525;;;;0.042560589;0.037738989;0.080299579;33920.49989;0.432446696;162;0;20;29;;;;;;;;
ENV1_D7_S6;200;9.2137;0.0378;0;9.2515;0.5893;5.2425;;;;0.012253389;0.017763789;0.030017179;25626.97914;0.323898495;69;0;10;0;;;;;;;;
ENV2_D1_S3;5;8.66;0.38;0.68;9.72;0.39;9.68;64.2270969;12.61321936;2.9;0.496;1.59;2.09;660971;8.468;32224.72523;0;23280.37867;2585.381883;2.49253734;0.062850067;0.756109462;0.07035739;3.248646802;0.121870699;2.355873189;0.126997714
ENV2_D1_S3;15;2.24;0.22;0.45;2.91;0.18;4.75;57.20439937;7.536479214;4.63;0.615;1.68;2.29;801413;9.613;24247.6578;0;33824.9154;1074.754594;1.905442993;0.436022683;0.838259623;0.463165567;2.754925875;0.886615399;2.543071094;0.013845349
ENV2_D1_S3;30;3.57;0.34;0.52;4.43;0.28;5.18;56.90850764;8.11109039;3.68;0.498;1.13;1.62;745871;9.203;36792.43225;0;37514.90617;2173.392622;0.684567588;0.03631948;0.221339079;0.109858418;0.905906667;0.146170608;1.310108823;0.039389628
ENV2_D1_S3;50;3.9;0.39;0.54;4.83;0.31;5.03;72.94812165;8.944330966;4.12;0.388;0.94;1.33;695533;8.719;30111.04119;0;39771.89082;2770.478508;0.140111378;0.027853901;0.085084095;0.045860084;0.225195473;0.067022046;1.037745549;0.074117569
ENV2_D1_S3;75;6.34;0.59;0.47;7.4;0.49;5.01;74.10789461;11.77696816;4.38;0.219;0.48;0.7;478508;6.022;12765.69623;3510.865005;20886.06427;1833.053668;;;;;;;0.533113088;0.070380951
ENV2_D1_S6;5;0.95;0.11;0.06;1.12;0.12;2.31;;;;0.873;0.97;1.84;433045;6.577;37192.47979;495.5812848;26558.38018;5517.07358;;;;;;;;
ENV2_D1_S6;20;1.63;0.31;0.1;2.05;0.18;3.16;;;;0.81;0.69;1.5;354467;5.383;35287.77582;417.9601197;25716.48908;3845.233101;;;;;;;;
ENV2_D1_S6;40;1.82;0.44;0.18;2.44;0.19;2.54;;;;0.284;0.24;0.52;269699;3.907;17918.54742;2812.27452;7350.127248;2555.527589;;;;;;;;
ENV2_D1_S6;90;2.82;0.32;0.04;3.17;0.26;2.62;;;;0.035;0.09;0.12;157447;2.409;5331.976956;2436.110412;710.5322035;274.6595072;;;;;;;;
ENV2_D1_S6;150;5.38;0.02;0;5.41;0.38;3.57;;;;0.023;0.05;0.08;118644;1.756;1868.878821;2316.693235;107.4754594;113.4463182;;;;;;;;
ENV2_D3_S3;5;3.37;0.32;0.6;4.29;0.29;5.89;82.26233899;9.956214873;5.67;0.755816188;1.11;1.87;678795;8.333;31788.85253;3839.262242;47008.57175;3116.788321;2.144523258;0.188832563;1.445748213;0.083996701;3.590271471;0.232475344;1.426955709;0.166340177
ENV2_D3_S3;15;2.7;0.37;0.75;3.81;0.27;3.75;72.28201274;9.383310014;5.57;0.376976188;1.05;1.43;531919;6.276;17285.63638;2698.828201;24313.33725;2424.168694;1.415441076;0.053876321;0.496108284;0.026844627;1.93183559;0.07313461;1.373208619;0.102670676
ENV2_D3_S3;25;3.21;0.41;0.92;4.53;0.33;4;67.74478904;10.33588456;5.81;0.253680988;0.46;0.71;446875;5.286;9947.450849;2740.624213;14001.66401;1809.170232;0.167226962;0.033252268;0.073274837;0.013984747;0.240501799;0.046531473;0.763090553;0.052597901
ENV2_D3_S3;50;3.53;0.46;0.91;4.91;0.34;3.63;70.73296503;10.45242557;5.54;0.194444188;0.358378588;0.55;430772;5.156;7027.70087;2615.236178;11655.11648;1152.375759;0.031529199;0.015024744;0.03548868;0.019962015;0.067017879;0.034725523;0.622521241;0.027466818
ENV2_D3_S3;75;4.36;0.58;0.87;5.8;0.41;4.46;68.42382443;10.89654612;5.09;0.174468988;0.328760188;0.5;440914;5.205;6717.216209;2615.236178;12455.21157;961.3082753;;;;;;;0.668885489;0.087680069
ENV2_D3_S6;5;0.47;0.11;0.06;0.64;0.08;2.71;;;;0.597392188;0.655251388;1.25;478446;7.372;0;0;0;0;;;;;;;;
ENV2_D3_S6;25;1.45;0.33;0.12;1.9;0.16;2.42;;;;0.985186588;0.743417788;1.73;402530;6.958;0;0;0;0;;;;;;;;
ENV2_D3_S6;50;2.05;0.56;0.19;2.81;0.21;2.82;;;;0.201332188;0.188244988;0.39;233272;3.066;8293.522947;179.1257656;2507.760718;1015.046005;;;;;;;;
ENV2_D3_S6;90;2.26;0.55;0.13;2.93;0.22;2.74;;;;0.242660188;0.189622588;0.43;215325;2.918;7415.806695;322.4263781;2167.421764;1062.812876;;;;;;;;
ENV2_D3_S6;125;2.55;0.52;0.06;3.14;0.24;2.96;;;;0.135896188;0.137962588;0.27;171850;2.345;4776.687082;167.1840479;1731.549067;441.8435551;;;;;;;;
ENV2_D3_S6;150;3.67;0.29;0.04;4.01;0.3;3.22;;;;0.081480988;0.085613788;0.17;147142;2.106;3003.342003;179.1257656;943.3956987;262.7177895;;;;;;;;
ENV2_D3_S6;200;7.55;0.05;0.03;7.62;0.51;4.21;;;;0.057372988;0.044285788;0.1;85638;1.225;394.0766843;244.805213;47.76687082;5.970858853;;;;;;;;
ENV2_D5_S3;5;4.18;0.16;0.55;4.89;0.19;10.52;76.01577281;11.38127401;6.5;1.069282523;1.335159323;2.4;314764;4.299;17751.36337;2065.917163;7081.438599;1988.295998;4.104105169;0.21140794;2.100155686;0.158655126;6.204260855;0.257882711;1.95380949;0.153164661
ENV2_D5_S3;10;0.21;0.07;0.1;0.37;0.06;3.41;62.64952512;6.02441228;5.65;1.056884123;1.158137723;2.22;723246;9.511;21315.9661;543.3481556;8812.987667;2495.819;2.329684684;0.106038987;1.615561476;0.169577475;3.90278478;0.150162781;1.441965661;0.041732721
ENV2_D5_S3;15;0.13;0.07;0.21;0.41;0.05;3.56;61.77703463;5.936982701;5.53;0.605720123;1.296586523;1.9;455337;5.516;40333.15155;471.6978494;11052.05974;1522.569007;0.53601306;0.056272495;0.27966114;0.083538349;0.8156742;0.134914351;0.738007382;0.015201479
ENV2_D5_S3;30;1.85;0.48;0.61;2.94;0.23;3.99;59.62701348;8.972331965;6.03;0.328822523;0.616740923;0.95;312374;3.633;9224.976928;513.4938613;4985.667142;925.4831222;0.088386975;0.026122815;0.09472154;0.042951279;0.183108515;0.068999457;0.350456619;0.045927395
ENV2_D5_S3;70;3.65;0.61;0.99;5.24;0.39;3.84;60.90485698;10.12845957;4.88;0.115983323;0.282672923;0.4;225630;2.619;4615.473893;519.4647202;2806.303661;382.1349666;;;;;;;0.333293656;0.008419204
ENV2_D5_S6;5;0.24;0.03;0.03;0.3;0.06;2.48;;;;0.658757723;0.826136123;1.48;633661;10.3;66766.14369;6806.779092;26056.82803;3439.214699;;;;;;;;
ENV2_D5_S6;20;1.25;0.33;0.12;1.7;0.16;2.71;;;;0.793762523;1.176735323;1.97;446117;6.805;37079.03348;4782.657941;20957.71457;7815.854238;;;;;;;;
ENV2_D5_S6;50;2.12;0.57;0.17;2.86;0.22;2.84;;;;0.356374523;0.394523446;0.75;248125;3.7;9398.131834;4555.765305;3540.7193;4221.397209;;;;;;;;
ENV2_D5_S6;100;1.99;0.43;0.05;2.47;0.21;2.02;;;;0.140780123;0.130448123;0.27;204384;3.091;4919.987695;6938.137987;1904.703974;949.3665576;;;;;;;;
ENV2_D5_S6;150;7.75;0.04;0.03;7.83;0.52;3.73;;;;0.152489723;0.115983323;0.27;96968;1.509;537.3772968;7123.234611;137.3297536;113.4463182;;;;;;;;
ENV2_D7_S3;5;5.88;0.14;0.84;6.85;0.24;10.93;86.14639156;12.72460378;5.87;0.532018523;1.286254523;1.82;273243;3.914;19375.43698;5702.170204;14353.94468;3122.75918;4.25990452;0.203686697;0.975123794;0.147672995;5.235028314;0.067661466;1.927364062;0.134455673
ENV2_D7_S3;15;0.84;0.06;0.25;1.15;0.07;4.63;77.90434401;6.558247003;5.41;0.555437723;1.114743323;1.67;440504;6.262;39359.90156;6556.00302;17476.70386;3970.621137;2.369707167;0.186184946;1.020337537;0.135468915;3.366897896;0.317262086;1.979418201;0.097051852
ENV2_D7_S3;30;1.46;0.18;1.39;3.03;0.21;3.45;64.62248295;8.059978595;5.03;0.268896923;0.379793723;0.65;176542;2.409;13070.21003;5152.85119;3845.233101;1295.676371;0.274944626;0.087697833;0.10690726;0.068502399;0.381851886;0.155413049;0.623288784;0.064660113
ENV2_D7_S3;50;2.3;0.29;1.8;4.39;0.28;3.66;64.24811141;10.37800159;5.98;0.208282523;0.370150523;0.58;219955;2.773;8621.920183;6591.828174;2871.983108;1934.558268;0.068877009;0.024270178;0.063008143;0.028344481;0.131885153;0.052569881;0.461342572;0.058440647
ENV2_D7_S3;75;2.33;0.52;1.25;4.1;0.29;3.56;63.66126237;9.929390763;5.83;0.204838523;0.264075323;0.47;228703;2.918;4693.095058;6317.168666;2191.305199;1092.66717;;;;;;;0.426980035;0.078342467
ENV2_D7_S6;5;0.11;0.01;0.2;0.32;0.07;2.05;;;;0.674600123;0.735903323;1.41;523868;9.426;44614.25735;5093.142601;17524.47073;5690.228487;;;;;;;;
ENV2_D7_S6;20;0.79;0.2;0.46;1.45;0.12;1.12;;;;0.838534523;1.567284923;2.41;387093;6.277;30290.16696;3576.544453;8012.89258;7881.533686;;;;;;;;
ENV2_D7_S6;55;2.05;0.39;0.08;2.52;0.23;1.66;;;;0.224124923;0.348108923;0.57;212661;3.304;7332.214671;3403.389546;2501.789859;2328.634953;;;;;;;;
ENV2_D7_S6;85;5.07;0.05;0.22;5.34;0.35;1.92;;;;0.039526523;0.073966523;0.11;152428;2.255;1331.501524;7541.194731;417.9601197;197.0383421;;;;;;;;
ENV2_D7_S6;130;7.93;0.03;0.02;7.98;0.57;3.76;;;;0.074655323;0.206216123;0.28;95062;1.39;668.7361915;9177.210057;101.5046005;65.67944738;;;;;;;;
ENV2_D7_S6;160;8.71;0.04;0.05;8.81;0.61;5.46;;;;;0.078788123;0.08;112026;1.64;1134.463182;8090.513746;101.5046005;113.4463182;;;;;;;;
ENV2_D7_S6;200;9.87;0.04;0.08;9.99;0.66;4.7;;;;0.025750523;0.051236123;0.08;77566;1.199;1307.618089;7445.660989;65.67944738;71.65030623;;;;;;;;
ENV3_D1_S3;5;0.17;0.04;0.12;0.33;0.1;1.54;82.32;5.53;5.21;0.202;8.062501014;8.265;645067;50;1557;0;990;969;25.49455521;3.224577263;1.27354621;0.5493412;26.76810142;3.728791198;23.60597923;0.783615569
ENV3_D1_S3;15;1.7;0.14;0.45;2.28;0.25;1.7;74.98;5.92;3.64;0.157;15.05775008;15.215;3013813;230;2007;0;1172;1188;39.2281115;1.59751735;0.466639546;0.037908732;39.40266979;1.559265397;14.33364815;4.042923858
ENV3_D1_S3;20;6.58;0.18;0.33;7.1;0.44;2.94;58.94;11;3.9;0.171;2.348905014;2.52;410921;32;1568;0;867;610;1.973687958;0.068048418;0.095712302;0.002568659;2.06940026;0.070617077;5.541932939;1.561883275
ENV3_D1_S3;40;9.5;0.04;0.39;9.93;0.65;5.04;65.31;12.66;2.73;0.103;0.370901014;0.474;216033;17;198;0;155;70;0.162426738;0.019664982;0.030122246;0.005937393;0.192548984;0.025602375;0.646896354;0.168209698
ENV3_D1_S3;75;10.3;0.03;0.66;10.99;0.68;5.95;66.33;13.34;2.34;0.045;0.109157014;0.154;218054;17;123;0;37;48;;;;;;;0.474990679;0.213570166
ENV3_D1_S6;5;0.05;0.01;0.06;0.12;0.02;1.46;;;;0.245;0.82943;1.075;911837;172;16210;0;12394;792;;;;;;;;
ENV3_D1_S6;20;0;0.04;0.1;0.14;0.03;1.44;;;;0.46;0.828282;1.288;1313249;248;69860;0;24751;899;;;;;;;;
ENV3_D1_S6;40;4.6;0.29;0.08;4.97;0.32;2.2;;;;0.174;0.248542;0.422;271849;51;9831;0;2981;471;;;;;;;;
ENV3_D1_S6;75;5.03;0.2;0.82;6.05;0.33;2.31;;;;0.083;0.107338;0.191;140679;27;492;0;230;262;;;;;;;;
ENV3_D1_S6;150;6.59;0.05;0.26;6.9;0.41;2.89;;;;0.045;0.092414;0.138;85589;16;182;0;107;32;;;;;;;;
ENV3_D3_S3;5;0.43;0.02;0.06;0.51;0.16;1.41;75.87;5.18;4.68;0.142639;8.869735;9.012;1004138;76;1632;0;3184;1761;36.60489314;0.969730207;1.197042128;0.577700894;37.80193527;1.466243215;29.84755146;1.890709485
ENV3_D3_S3;8;1.07;0.07;0.04;1.18;0.16;1.37;71.88;4.57;3.39;0.375683;10.542371;10.918;1211179;92;;;;;36.31985575;2.783519321;1.908613978;0.343838797;36.86968931;1.902185077;33.31146851;0.579302196
ENV3_D3_S3;20;7.75;0.09;0.01;7.85;0.49;3.36;60.95;11.08;3.22;0.139195;0.817663;0.957;543127;41;3040;0;1252;439;1.665974618;0.142447275;0.162823781;0.009179444;1.828798399;0.151626719;2.0705914;0.24211078
ENV3_D3_S3;40;8.44;0.05;0.04;8.53;0.53;3.96;59.58;10.66;2.13;0.066871;0.256291;0.323;391902;30;1814;0;412;144;0.187726242;0.139269512;0.302532971;0.153894888;0.490259213;0.279289389;1.178688958;0.109530866
ENV3_D3_S3;75;10.98;0;0.03;11.01;0.74;6.63;58.21;13.51;2.5;0.026691;0.102459;0.129;316963;24;177;0;75;27;;;;;;;0.756304266;0.083391868
ENV3_D3_S6;5;0.26;0.01;0.09;0.36;0.05;3.21;;;;0.167895;0.821107;0.989;585702;111;20962;0;14283;1825;;;;;;;;
ENV3_D3_S6;20;0.27;0;0.07;0.35;0.05;2.79;;;;0.255143;1.449063;1.704;696297;132;32372;0;7669;915;;;;;;;;
ENV3_D3_S6;40;3.11;0.2;0.12;3.43;0.26;3.09;;;;0.320579;0.813071;1.134;286723;54;29916;0;5817;744;;;;;;;;
ENV3_D3_S6;50;4.05;0.14;0.08;4.26;0.31;3.53;;;;0.218407;0.563955;0.782;223004;42;15557;0;3243;396;;;;;;;;
ENV3_D3_S6;60;4.85;0.1;0.08;5.02;0.37;3.57;;;;0.125419;0.195447;0.321;154853;29;3457;0;803;70;;;;;;;;
ENV3_D3_S6;80;5.66;0.09;0.09;5.83;0.41;3.85;;;;0.056539;0.245959;0.302;111165;21;519;0;171;37;;;;;;;;
ENV3_D3_S6;100;6.55;0.04;0.06;6.65;0.43;4.11;;;;0.071463;0.457191;0.529;84164;16;433;0;64;21;;;;;;;;
ENV3_D5_S3;5;3.93;0.17;0.12;4.22;0.33;3.86;68.14;7.89;3.67;0.175306353;5.592718353;5.768;1520135;118;7107;0;4003;2162;34.25354215;1.714115116;0.673473214;0.216962873;34.92701536;1.567949558;16.69869269;2.066658714
ENV3_D5_S3;10;5.29;0.13;0.14;5.57;0.41;3.93;60.32;8.2;2.63;0.129386353;3.425294353;3.555;450309;35;476;0;878;615;15.33728717;1.591640801;0.396502512;0.660887774;15.68889608;0.932269492;11.66050135;1.798747275
ENV3_D5_S3;20;6.54;0.08;0.06;6.68;0.47;4.14;55.86;9.21;2.54;0.113314353;0.457714353;0.571;225932;17;487;0;246;198;0.666417516;0.183347795;0.445477352;0.458228338;1.111894868;0.353601849;1.314430281;0.17195659
ENV3_D5_S3;40;8.18;0.04;0.05;8.27;0.56;4.99;57.85;10.51;2.25;0.075430353;0.086910353;0.162;175661;14;144;0;64;11;0.439597604;0.361073402;0.071871268;0.013494862;0.511468872;0.357052791;0.367600732;0.036956242
ENV3_D5_S3;75;11.29;0.04;0.06;11.39;0.79;8.46;57.35;12.95;1.56;0.084614353;0.069690353;0.154;209399;16;75;0;75;5;;;;;;;0.562394765;0.225080704
ENV3_D5_S6;5;0.38;0.05;0.01;0.44;0.07;2.19;;;;0.993830353;1.281978353;2.276;373970;71;40389;0;8220;1028;;;;;;;;
ENV3_D5_S6;25;0.42;0.05;0.04;0.51;0.07;1.63;;;;0.664354353;1.338230353;2.003;415404;79;38371;0;8199;717;;;;;;;;
ENV3_D5_S6;40;1.48;0.14;0.05;1.66;0.14;2.16;;;;0.966278353;1.445804706;2.412;398432;76;32875;0;6775;947;;;;;;;;
ENV3_D5_S6;80;5.32;0.05;0;5.37;0.37;2.94;;;;0.724050353;0.249926353;0.974;105075;20;401;0;43;91;;;;;;;;
ENV3_D5_S6;150;8.62;0.04;0;8.66;0.56;4.36;;;;0.253370353;0.128238353;0.382;72452;14;316;0;11;11;;;;;;;;
ENV3_D7_S6;5;0.07;0.19;0.35;6.28;0.06;3.34;53.27;9.32;3.04;0.141491;2.319821;2.461312;767427;58;5742;0;626;1375;9.72377236;0.508767464;0.63846078;0.148364424;10.36223314;0.360494082;11.80991008;0.913515656
ENV3_D7_S6;15;6.19;0.2;0.35;6.74;0.6;5.45;55.42;10.81;4.07;0.158711;2.033108;2.191819;741592;56;1135;0;1985;1295;5.905075798;0.305644774;0.463632735;0.107395288;6.475086737;0.261651836;9.476954866;0.563025374
ENV3_D7_S6;30;8.05;0.21;0.41;8.68;0.7;5.86;53.83;10.23;1.56;0.158711;0.714056;0.872767;654940;50;1006;0;1386;915;0.460440112;0.019553351;0.10251513;0.040231511;0.562955242;0.046303075;6.036656769;0.434296634
ENV3_D7_S6;50;8.92;0.23;0.37;9.52;0.67;4.67;50.83;10.62;1.1;0.133742;0.801017;0.934759;554529;42;755;0;797;733;0.165952552;0.079756788;0.075856726;0.038517804;0.241809278;0.117159561;2.722163307;0.458642015
ENV3_D7_S6;75;7.37;0.07;0.08;7.52;0.58;4.02;52.34;11.29;3.77;0.058835;0.253421;0.312256;354121;27;128;0;155;86;;;;;;;0.517306037;0.069789343
ENV3_D7_S3;5;5.74;0.09;0.16;0.32;0.49;1.38;;;;0.353297;1.654268;2.007565;780072;133;27047;0;14075;1905;;;;;;;;
ENV3_D7_S3;20;0.31;0.09;0.48;0.87;0.09;2.2;;;;0.463505;3.094721;3.558226;569999;97;19566;0;8777;2141;;;;;;;;
ENV3_D7_S3;55;3.21;0.37;0.18;3.76;0.25;2.1;;;;0.237923;0.349853;0.587776;343989;58;10516;0;3334;1900;;;;;;;;
ENV3_D7_S3;85;4.3;0.17;0.34;4.81;0.28;1.98;;;;0.138047;0.168182;0.306229;285375;48;5469;2221;910;1161;;;;;;;;
ENV3_D7_S3;130;5.07;0.1;0.08;5.24;0.33;2.43;;;;0.348131;0.064001;0.412132;164856;28;1001;230;96;444;;;;;;;;
ENV3_D7_S3;160;5.8;0.11;0.05;5.96;0.38;2.77;;;;0.031283;0.104468;0.135751;;;;;;;;;;;;;;
ENV3_D7_S3;200;7.2;0.09;0.05;7.35;0.46;3.46;;;;0.046781;0.055391;0.102172;;;;;;;;;;;;;;
