"","Our_Taxonomy","sample","Cruise_Station","Cruise","Station","Day","ASV"
"1","Amylibacter","Spring_Coast_D1","Spring_Coast","Spring","Coast","D1",253
"2","Amylibacter","Spring_Coast_D3","Spring_Coast","Spring","Coast","D3",283
"3","Amylibacter","Spring_Coast_D5","Spring_Coast","Spring","Coast","D5",77
"4","Amylibacter","Spring_Coast_D7","Spring_Coast","Spring","Coast","D7",118
"5","Amylibacter","Spring_Offshore_D1","Spring_Offshore","Spring","Offshore","D1",0
"6","Amylibacter","Spring_Offshore_D3","Spring_Offshore","Spring","Offshore","D3",10
"7","Amylibacter","Spring_Offshore_D5","Spring_Offshore","Spring","Offshore","D5",56
"8","Amylibacter","Spring_Offshore_D7","Spring_Offshore","Spring","Offshore","D7",77
"9","Amylibacter","Summer_Coast_D1","Summer_Coast","Summer","Coast","D1",90
"10","Amylibacter","Summer_Coast_D3","Summer_Coast","Summer","Coast","D3",69
"11","Amylibacter","Summer_Coast_D5","Summer_Coast","Summer","Coast","D5",76
"12","Amylibacter","Summer_Coast_D7","Summer_Coast","Summer","Coast","D7",132
"13","Amylibacter","Summer_Offshore_D1","Summer_Offshore","Summer","Offshore","D1",60
"14","Amylibacter","Summer_Offshore_D3","Summer_Offshore","Summer","Offshore","D3",68
"15","Amylibacter","Summer_Offshore_D5","Summer_Offshore","Summer","Offshore","D5",29
"16","Amylibacter","Summer_Offshore_D7","Summer_Offshore","Summer","Offshore","D7",42
"17","Amylibacter","Winter_Coast_D1","Winter_Coast","Winter","Coast","D1",52
"18","Amylibacter","Winter_Coast_D3","Winter_Coast","Winter","Coast","D3",197
"19","Amylibacter","Winter_Coast_D5","Winter_Coast","Winter","Coast","D5",182
"20","Amylibacter","Winter_Coast_D7","Winter_Coast","Winter","Coast","D7",390
"21","Amylibacter","Winter_Offshore_D1","Winter_Offshore","Winter","Offshore","D1",0
"22","Amylibacter","Winter_Offshore_D3","Winter_Offshore","Winter","Offshore","D3",12
"23","Amylibacter","Winter_Offshore_D5","Winter_Offshore","Winter","Offshore","D5",43
"24","Amylibacter","Winter_Offshore_D7","Winter_Offshore","Winter","Offshore","D7",10
"25","Ascidiaceihabitans","Spring_Coast_D1","Spring_Coast","Spring","Coast","D1",166
"26","Ascidiaceihabitans","Spring_Coast_D3","Spring_Coast","Spring","Coast","D3",126
"27","Ascidiaceihabitans","Spring_Coast_D5","Spring_Coast","Spring","Coast","D5",89
"28","Ascidiaceihabitans","Spring_Coast_D7","Spring_Coast","Spring","Coast","D7",141
"29","Ascidiaceihabitans","Spring_Offshore_D1","Spring_Offshore","Spring","Offshore","D1",56
"30","Ascidiaceihabitans","Spring_Offshore_D3","Spring_Offshore","Spring","Offshore","D3",50
"31","Ascidiaceihabitans","Spring_Offshore_D5","Spring_Offshore","Spring","Offshore","D5",88
"32","Ascidiaceihabitans","Spring_Offshore_D7","Spring_Offshore","Spring","Offshore","D7",93
"33","Ascidiaceihabitans","Summer_Coast_D1","Summer_Coast","Summer","Coast","D1",99
"34","Ascidiaceihabitans","Summer_Coast_D3","Summer_Coast","Summer","Coast","D3",45
"35","Ascidiaceihabitans","Summer_Coast_D5","Summer_Coast","Summer","Coast","D5",85
"36","Ascidiaceihabitans","Summer_Coast_D7","Summer_Coast","Summer","Coast","D7",88
"37","Ascidiaceihabitans","Summer_Offshore_D1","Summer_Offshore","Summer","Offshore","D1",61
"38","Ascidiaceihabitans","Summer_Offshore_D3","Summer_Offshore","Summer","Offshore","D3",157
"39","Ascidiaceihabitans","Summer_Offshore_D5","Summer_Offshore","Summer","Offshore","D5",119
"40","Ascidiaceihabitans","Summer_Offshore_D7","Summer_Offshore","Summer","Offshore","D7",168
"41","Ascidiaceihabitans","Winter_Coast_D1","Winter_Coast","Winter","Coast","D1",0
"42","Ascidiaceihabitans","Winter_Coast_D3","Winter_Coast","Winter","Coast","D3",50
"43","Ascidiaceihabitans","Winter_Coast_D5","Winter_Coast","Winter","Coast","D5",66
"44","Ascidiaceihabitans","Winter_Coast_D7","Winter_Coast","Winter","Coast","D7",74
"45","Ascidiaceihabitans","Winter_Offshore_D1","Winter_Offshore","Winter","Offshore","D1",9
"46","Ascidiaceihabitans","Winter_Offshore_D3","Winter_Offshore","Winter","Offshore","D3",22
"47","Ascidiaceihabitans","Winter_Offshore_D5","Winter_Offshore","Winter","Offshore","D5",23
"48","Ascidiaceihabitans","Winter_Offshore_D7","Winter_Offshore","Winter","Offshore","D7",13
"49","Cellvibrionales","Spring_Coast_D1","Spring_Coast","Spring","Coast","D1",59
"50","Cellvibrionales","Spring_Coast_D3","Spring_Coast","Spring","Coast","D3",55
"51","Cellvibrionales","Spring_Coast_D5","Spring_Coast","Spring","Coast","D5",56
"52","Cellvibrionales","Spring_Coast_D7","Spring_Coast","Spring","Coast","D7",87
"53","Cellvibrionales","Spring_Offshore_D1","Spring_Offshore","Spring","Offshore","D1",11
"54","Cellvibrionales","Spring_Offshore_D3","Spring_Offshore","Spring","Offshore","D3",49
"55","Cellvibrionales","Spring_Offshore_D5","Spring_Offshore","Spring","Offshore","D5",52
"56","Cellvibrionales","Spring_Offshore_D7","Spring_Offshore","Spring","Offshore","D7",118
"57","Cellvibrionales","Summer_Coast_D1","Summer_Coast","Summer","Coast","D1",57
"58","Cellvibrionales","Summer_Coast_D3","Summer_Coast","Summer","Coast","D3",53
"59","Cellvibrionales","Summer_Coast_D5","Summer_Coast","Summer","Coast","D5",73
"60","Cellvibrionales","Summer_Coast_D7","Summer_Coast","Summer","Coast","D7",71
"61","Cellvibrionales","Summer_Offshore_D1","Summer_Offshore","Summer","Offshore","D1",28
"62","Cellvibrionales","Summer_Offshore_D3","Summer_Offshore","Summer","Offshore","D3",69
"63","Cellvibrionales","Summer_Offshore_D5","Summer_Offshore","Summer","Offshore","D5",59
"64","Cellvibrionales","Summer_Offshore_D7","Summer_Offshore","Summer","Offshore","D7",81
"65","Cellvibrionales","Winter_Coast_D1","Winter_Coast","Winter","Coast","D1",0
"66","Cellvibrionales","Winter_Coast_D3","Winter_Coast","Winter","Coast","D3",0
"67","Cellvibrionales","Winter_Coast_D5","Winter_Coast","Winter","Coast","D5",0
"68","Cellvibrionales","Winter_Coast_D7","Winter_Coast","Winter","Coast","D7",13
"69","Cellvibrionales","Winter_Offshore_D1","Winter_Offshore","Winter","Offshore","D1",0
"70","Cellvibrionales","Winter_Offshore_D3","Winter_Offshore","Winter","Offshore","D3",0
"71","Cellvibrionales","Winter_Offshore_D5","Winter_Offshore","Winter","Offshore","D5",0
"72","Cellvibrionales","Winter_Offshore_D7","Winter_Offshore","Winter","Offshore","D7",7
"73","Flavobacteriales","Spring_Coast_D1","Spring_Coast","Spring","Coast","D1",793
"74","Flavobacteriales","Spring_Coast_D3","Spring_Coast","Spring","Coast","D3",624
"75","Flavobacteriales","Spring_Coast_D5","Spring_Coast","Spring","Coast","D5",584
"76","Flavobacteriales","Spring_Coast_D7","Spring_Coast","Spring","Coast","D7",730
"77","Flavobacteriales","Spring_Offshore_D1","Spring_Offshore","Spring","Offshore","D1",618
"78","Flavobacteriales","Spring_Offshore_D3","Spring_Offshore","Spring","Offshore","D3",621
"79","Flavobacteriales","Spring_Offshore_D5","Spring_Offshore","Spring","Offshore","D5",398
"80","Flavobacteriales","Spring_Offshore_D7","Spring_Offshore","Spring","Offshore","D7",275
"81","Flavobacteriales","Summer_Coast_D1","Summer_Coast","Summer","Coast","D1",920
"82","Flavobacteriales","Summer_Coast_D3","Summer_Coast","Summer","Coast","D3",1083
"83","Flavobacteriales","Summer_Coast_D5","Summer_Coast","Summer","Coast","D5",881
"84","Flavobacteriales","Summer_Coast_D7","Summer_Coast","Summer","Coast","D7",1015
"85","Flavobacteriales","Summer_Offshore_D1","Summer_Offshore","Summer","Offshore","D1",363
"86","Flavobacteriales","Summer_Offshore_D3","Summer_Offshore","Summer","Offshore","D3",426
"87","Flavobacteriales","Summer_Offshore_D5","Summer_Offshore","Summer","Offshore","D5",424
"88","Flavobacteriales","Summer_Offshore_D7","Summer_Offshore","Summer","Offshore","D7",701
"89","Flavobacteriales","Winter_Coast_D1","Winter_Coast","Winter","Coast","D1",446
"90","Flavobacteriales","Winter_Coast_D3","Winter_Coast","Winter","Coast","D3",313
"91","Flavobacteriales","Winter_Coast_D5","Winter_Coast","Winter","Coast","D5",493
"92","Flavobacteriales","Winter_Coast_D7","Winter_Coast","Winter","Coast","D7",320
"93","Flavobacteriales","Winter_Offshore_D1","Winter_Offshore","Winter","Offshore","D1",341
"94","Flavobacteriales","Winter_Offshore_D3","Winter_Offshore","Winter","Offshore","D3",251
"95","Flavobacteriales","Winter_Offshore_D5","Winter_Offshore","Winter","Offshore","D5",251
"96","Flavobacteriales","Winter_Offshore_D7","Winter_Offshore","Winter","Offshore","D7",463
"97","Oceanospirillales","Spring_Coast_D1","Spring_Coast","Spring","Coast","D1",93
"98","Oceanospirillales","Spring_Coast_D3","Spring_Coast","Spring","Coast","D3",112
"99","Oceanospirillales","Spring_Coast_D5","Spring_Coast","Spring","Coast","D5",22
"100","Oceanospirillales","Spring_Coast_D7","Spring_Coast","Spring","Coast","D7",9
"101","Oceanospirillales","Spring_Offshore_D1","Spring_Offshore","Spring","Offshore","D1",100
"102","Oceanospirillales","Spring_Offshore_D3","Spring_Offshore","Spring","Offshore","D3",58
"103","Oceanospirillales","Spring_Offshore_D5","Spring_Offshore","Spring","Offshore","D5",57
"104","Oceanospirillales","Spring_Offshore_D7","Spring_Offshore","Spring","Offshore","D7",120
"105","Oceanospirillales","Summer_Coast_D1","Summer_Coast","Summer","Coast","D1",9
"106","Oceanospirillales","Summer_Coast_D3","Summer_Coast","Summer","Coast","D3",33
"107","Oceanospirillales","Summer_Coast_D5","Summer_Coast","Summer","Coast","D5",0
"108","Oceanospirillales","Summer_Coast_D7","Summer_Coast","Summer","Coast","D7",33
"109","Oceanospirillales","Summer_Offshore_D1","Summer_Offshore","Summer","Offshore","D1",40
"110","Oceanospirillales","Summer_Offshore_D3","Summer_Offshore","Summer","Offshore","D3",28
"111","Oceanospirillales","Summer_Offshore_D5","Summer_Offshore","Summer","Offshore","D5",59
"112","Oceanospirillales","Summer_Offshore_D7","Summer_Offshore","Summer","Offshore","D7",48
"113","Oceanospirillales","Winter_Coast_D1","Winter_Coast","Winter","Coast","D1",43
"114","Oceanospirillales","Winter_Coast_D3","Winter_Coast","Winter","Coast","D3",200
"115","Oceanospirillales","Winter_Coast_D5","Winter_Coast","Winter","Coast","D5",75
"116","Oceanospirillales","Winter_Coast_D7","Winter_Coast","Winter","Coast","D7",126
"117","Oceanospirillales","Winter_Offshore_D1","Winter_Offshore","Winter","Offshore","D1",25
"118","Oceanospirillales","Winter_Offshore_D3","Winter_Offshore","Winter","Offshore","D3",84
"119","Oceanospirillales","Winter_Offshore_D5","Winter_Offshore","Winter","Offshore","D5",93
"120","Oceanospirillales","Winter_Offshore_D7","Winter_Offshore","Winter","Offshore","D7",73
"121","Other_Alphaproteobacteria","Spring_Coast_D1","Spring_Coast","Spring","Coast","D1",34
"122","Other_Alphaproteobacteria","Spring_Coast_D3","Spring_Coast","Spring","Coast","D3",58
"123","Other_Alphaproteobacteria","Spring_Coast_D5","Spring_Coast","Spring","Coast","D5",24
"124","Other_Alphaproteobacteria","Spring_Coast_D7","Spring_Coast","Spring","Coast","D7",30
"125","Other_Alphaproteobacteria","Spring_Offshore_D1","Spring_Offshore","Spring","Offshore","D1",42
"126","Other_Alphaproteobacteria","Spring_Offshore_D3","Spring_Offshore","Spring","Offshore","D3",8
"127","Other_Alphaproteobacteria","Spring_Offshore_D5","Spring_Offshore","Spring","Offshore","D5",41
"128","Other_Alphaproteobacteria","Spring_Offshore_D7","Spring_Offshore","Spring","Offshore","D7",102
"129","Other_Alphaproteobacteria","Summer_Coast_D1","Summer_Coast","Summer","Coast","D1",0
"130","Other_Alphaproteobacteria","Summer_Coast_D3","Summer_Coast","Summer","Coast","D3",22
"131","Other_Alphaproteobacteria","Summer_Coast_D5","Summer_Coast","Summer","Coast","D5",0
"132","Other_Alphaproteobacteria","Summer_Coast_D7","Summer_Coast","Summer","Coast","D7",3
"133","Other_Alphaproteobacteria","Summer_Offshore_D1","Summer_Offshore","Summer","Offshore","D1",11
"134","Other_Alphaproteobacteria","Summer_Offshore_D3","Summer_Offshore","Summer","Offshore","D3",26
"135","Other_Alphaproteobacteria","Summer_Offshore_D5","Summer_Offshore","Summer","Offshore","D5",98
"136","Other_Alphaproteobacteria","Summer_Offshore_D7","Summer_Offshore","Summer","Offshore","D7",22
"137","Other_Alphaproteobacteria","Winter_Coast_D1","Winter_Coast","Winter","Coast","D1",115
"138","Other_Alphaproteobacteria","Winter_Coast_D3","Winter_Coast","Winter","Coast","D3",131
"139","Other_Alphaproteobacteria","Winter_Coast_D5","Winter_Coast","Winter","Coast","D5",76
"140","Other_Alphaproteobacteria","Winter_Coast_D7","Winter_Coast","Winter","Coast","D7",93
"141","Other_Alphaproteobacteria","Winter_Offshore_D1","Winter_Offshore","Winter","Offshore","D1",16
"142","Other_Alphaproteobacteria","Winter_Offshore_D3","Winter_Offshore","Winter","Offshore","D3",90
"143","Other_Alphaproteobacteria","Winter_Offshore_D5","Winter_Offshore","Winter","Offshore","D5",29
"144","Other_Alphaproteobacteria","Winter_Offshore_D7","Winter_Offshore","Winter","Offshore","D7",70
"145","Other_Bacteroidetes","Spring_Coast_D1","Spring_Coast","Spring","Coast","D1",0
"146","Other_Bacteroidetes","Spring_Coast_D3","Spring_Coast","Spring","Coast","D3",10
"147","Other_Bacteroidetes","Spring_Coast_D5","Spring_Coast","Spring","Coast","D5",11
"148","Other_Bacteroidetes","Spring_Coast_D7","Spring_Coast","Spring","Coast","D7",0
"149","Other_Bacteroidetes","Spring_Offshore_D1","Spring_Offshore","Spring","Offshore","D1",0
"150","Other_Bacteroidetes","Spring_Offshore_D3","Spring_Offshore","Spring","Offshore","D3",5
"151","Other_Bacteroidetes","Spring_Offshore_D5","Spring_Offshore","Spring","Offshore","D5",0
"152","Other_Bacteroidetes","Spring_Offshore_D7","Spring_Offshore","Spring","Offshore","D7",0
"153","Other_Bacteroidetes","Summer_Coast_D1","Summer_Coast","Summer","Coast","D1",11
"154","Other_Bacteroidetes","Summer_Coast_D3","Summer_Coast","Summer","Coast","D3",0
"155","Other_Bacteroidetes","Summer_Coast_D5","Summer_Coast","Summer","Coast","D5",24
"156","Other_Bacteroidetes","Summer_Coast_D7","Summer_Coast","Summer","Coast","D7",10
"157","Other_Bacteroidetes","Summer_Offshore_D1","Summer_Offshore","Summer","Offshore","D1",2
"158","Other_Bacteroidetes","Summer_Offshore_D3","Summer_Offshore","Summer","Offshore","D3",6
"159","Other_Bacteroidetes","Summer_Offshore_D5","Summer_Offshore","Summer","Offshore","D5",0
"160","Other_Bacteroidetes","Summer_Offshore_D7","Summer_Offshore","Summer","Offshore","D7",0
"161","Other_Bacteroidetes","Winter_Coast_D1","Winter_Coast","Winter","Coast","D1",0
"162","Other_Bacteroidetes","Winter_Coast_D3","Winter_Coast","Winter","Coast","D3",9
"163","Other_Bacteroidetes","Winter_Coast_D5","Winter_Coast","Winter","Coast","D5",0
"164","Other_Bacteroidetes","Winter_Coast_D7","Winter_Coast","Winter","Coast","D7",0
"165","Other_Bacteroidetes","Winter_Offshore_D1","Winter_Offshore","Winter","Offshore","D1",10
"166","Other_Bacteroidetes","Winter_Offshore_D3","Winter_Offshore","Winter","Offshore","D3",9
"167","Other_Bacteroidetes","Winter_Offshore_D5","Winter_Offshore","Winter","Offshore","D5",2
"168","Other_Bacteroidetes","Winter_Offshore_D7","Winter_Offshore","Winter","Offshore","D7",0
"169","Other_Cyanobacteria","Spring_Coast_D1","Spring_Coast","Spring","Coast","D1",0
"170","Other_Cyanobacteria","Spring_Coast_D3","Spring_Coast","Spring","Coast","D3",0
"171","Other_Cyanobacteria","Spring_Coast_D5","Spring_Coast","Spring","Coast","D5",0
"172","Other_Cyanobacteria","Spring_Coast_D7","Spring_Coast","Spring","Coast","D7",0
"173","Other_Cyanobacteria","Spring_Offshore_D1","Spring_Offshore","Spring","Offshore","D1",4
"174","Other_Cyanobacteria","Spring_Offshore_D3","Spring_Offshore","Spring","Offshore","D3",4
"175","Other_Cyanobacteria","Spring_Offshore_D5","Spring_Offshore","Spring","Offshore","D5",0
"176","Other_Cyanobacteria","Spring_Offshore_D7","Spring_Offshore","Spring","Offshore","D7",0
"177","Other_Cyanobacteria","Summer_Coast_D1","Summer_Coast","Summer","Coast","D1",0
"178","Other_Cyanobacteria","Summer_Coast_D3","Summer_Coast","Summer","Coast","D3",0
"179","Other_Cyanobacteria","Summer_Coast_D5","Summer_Coast","Summer","Coast","D5",0
"180","Other_Cyanobacteria","Summer_Coast_D7","Summer_Coast","Summer","Coast","D7",0
"181","Other_Cyanobacteria","Summer_Offshore_D1","Summer_Offshore","Summer","Offshore","D1",0
"182","Other_Cyanobacteria","Summer_Offshore_D3","Summer_Offshore","Summer","Offshore","D3",0
"183","Other_Cyanobacteria","Summer_Offshore_D5","Summer_Offshore","Summer","Offshore","D5",0
"184","Other_Cyanobacteria","Summer_Offshore_D7","Summer_Offshore","Summer","Offshore","D7",0
"185","Other_Cyanobacteria","Winter_Coast_D1","Winter_Coast","Winter","Coast","D1",0
"186","Other_Cyanobacteria","Winter_Coast_D3","Winter_Coast","Winter","Coast","D3",2
"187","Other_Cyanobacteria","Winter_Coast_D5","Winter_Coast","Winter","Coast","D5",6
"188","Other_Cyanobacteria","Winter_Coast_D7","Winter_Coast","Winter","Coast","D7",7
"189","Other_Cyanobacteria","Winter_Offshore_D1","Winter_Offshore","Winter","Offshore","D1",2
"190","Other_Cyanobacteria","Winter_Offshore_D3","Winter_Offshore","Winter","Offshore","D3",0
"191","Other_Cyanobacteria","Winter_Offshore_D5","Winter_Offshore","Winter","Offshore","D5",3
"192","Other_Cyanobacteria","Winter_Offshore_D7","Winter_Offshore","Winter","Offshore","D7",0
"193","Other_Gammaproteobacteria","Spring_Coast_D1","Spring_Coast","Spring","Coast","D1",0
"194","Other_Gammaproteobacteria","Spring_Coast_D3","Spring_Coast","Spring","Coast","D3",6
"195","Other_Gammaproteobacteria","Spring_Coast_D5","Spring_Coast","Spring","Coast","D5",0
"196","Other_Gammaproteobacteria","Spring_Coast_D7","Spring_Coast","Spring","Coast","D7",8
"197","Other_Gammaproteobacteria","Spring_Offshore_D1","Spring_Offshore","Spring","Offshore","D1",28
"198","Other_Gammaproteobacteria","Spring_Offshore_D3","Spring_Offshore","Spring","Offshore","D3",12
"199","Other_Gammaproteobacteria","Spring_Offshore_D5","Spring_Offshore","Spring","Offshore","D5",2
"200","Other_Gammaproteobacteria","Spring_Offshore_D7","Spring_Offshore","Spring","Offshore","D7",38
"201","Other_Gammaproteobacteria","Summer_Coast_D1","Summer_Coast","Summer","Coast","D1",21
"202","Other_Gammaproteobacteria","Summer_Coast_D3","Summer_Coast","Summer","Coast","D3",5
"203","Other_Gammaproteobacteria","Summer_Coast_D5","Summer_Coast","Summer","Coast","D5",28
"204","Other_Gammaproteobacteria","Summer_Coast_D7","Summer_Coast","Summer","Coast","D7",11
"205","Other_Gammaproteobacteria","Summer_Offshore_D1","Summer_Offshore","Summer","Offshore","D1",0
"206","Other_Gammaproteobacteria","Summer_Offshore_D3","Summer_Offshore","Summer","Offshore","D3",16
"207","Other_Gammaproteobacteria","Summer_Offshore_D5","Summer_Offshore","Summer","Offshore","D5",34
"208","Other_Gammaproteobacteria","Summer_Offshore_D7","Summer_Offshore","Summer","Offshore","D7",18
"209","Other_Gammaproteobacteria","Winter_Coast_D1","Winter_Coast","Winter","Coast","D1",62
"210","Other_Gammaproteobacteria","Winter_Coast_D3","Winter_Coast","Winter","Coast","D3",28
"211","Other_Gammaproteobacteria","Winter_Coast_D5","Winter_Coast","Winter","Coast","D5",24
"212","Other_Gammaproteobacteria","Winter_Coast_D7","Winter_Coast","Winter","Coast","D7",19
"213","Other_Gammaproteobacteria","Winter_Offshore_D1","Winter_Offshore","Winter","Offshore","D1",82
"214","Other_Gammaproteobacteria","Winter_Offshore_D3","Winter_Offshore","Winter","Offshore","D3",79
"215","Other_Gammaproteobacteria","Winter_Offshore_D5","Winter_Offshore","Winter","Offshore","D5",54
"216","Other_Gammaproteobacteria","Winter_Offshore_D7","Winter_Offshore","Winter","Offshore","D7",37
"217","Other_bacteria","Spring_Coast_D1","Spring_Coast","Spring","Coast","D1",111
"218","Other_bacteria","Spring_Coast_D3","Spring_Coast","Spring","Coast","D3",123
"219","Other_bacteria","Spring_Coast_D5","Spring_Coast","Spring","Coast","D5",141
"220","Other_bacteria","Spring_Coast_D7","Spring_Coast","Spring","Coast","D7",76
"221","Other_bacteria","Spring_Offshore_D1","Spring_Offshore","Spring","Offshore","D1",121
"222","Other_bacteria","Spring_Offshore_D3","Spring_Offshore","Spring","Offshore","D3",100
"223","Other_bacteria","Spring_Offshore_D5","Spring_Offshore","Spring","Offshore","D5",85
"224","Other_bacteria","Spring_Offshore_D7","Spring_Offshore","Spring","Offshore","D7",94
"225","Other_bacteria","Summer_Coast_D1","Summer_Coast","Summer","Coast","D1",1
"226","Other_bacteria","Summer_Coast_D3","Summer_Coast","Summer","Coast","D3",71
"227","Other_bacteria","Summer_Coast_D5","Summer_Coast","Summer","Coast","D5",33
"228","Other_bacteria","Summer_Coast_D7","Summer_Coast","Summer","Coast","D7",112
"229","Other_bacteria","Summer_Offshore_D1","Summer_Offshore","Summer","Offshore","D1",38
"230","Other_bacteria","Summer_Offshore_D3","Summer_Offshore","Summer","Offshore","D3",100
"231","Other_bacteria","Summer_Offshore_D5","Summer_Offshore","Summer","Offshore","D5",223
"232","Other_bacteria","Summer_Offshore_D7","Summer_Offshore","Summer","Offshore","D7",57
"233","Other_bacteria","Winter_Coast_D1","Winter_Coast","Winter","Coast","D1",379
"234","Other_bacteria","Winter_Coast_D3","Winter_Coast","Winter","Coast","D3",307
"235","Other_bacteria","Winter_Coast_D5","Winter_Coast","Winter","Coast","D5",161
"236","Other_bacteria","Winter_Coast_D7","Winter_Coast","Winter","Coast","D7",215
"237","Other_bacteria","Winter_Offshore_D1","Winter_Offshore","Winter","Offshore","D1",268
"238","Other_bacteria","Winter_Offshore_D3","Winter_Offshore","Winter","Offshore","D3",284
"239","Other_bacteria","Winter_Offshore_D5","Winter_Offshore","Winter","Offshore","D5",258
"240","Other_bacteria","Winter_Offshore_D7","Winter_Offshore","Winter","Offshore","D7",227
"241","Planctomycetes","Spring_Coast_D1","Spring_Coast","Spring","Coast","D1",28
"242","Planctomycetes","Spring_Coast_D3","Spring_Coast","Spring","Coast","D3",15
"243","Planctomycetes","Spring_Coast_D5","Spring_Coast","Spring","Coast","D5",56
"244","Planctomycetes","Spring_Coast_D7","Spring_Coast","Spring","Coast","D7",22
"245","Planctomycetes","Spring_Offshore_D1","Spring_Offshore","Spring","Offshore","D1",0
"246","Planctomycetes","Spring_Offshore_D3","Spring_Offshore","Spring","Offshore","D3",5
"247","Planctomycetes","Spring_Offshore_D5","Spring_Offshore","Spring","Offshore","D5",5
"248","Planctomycetes","Spring_Offshore_D7","Spring_Offshore","Spring","Offshore","D7",12
"249","Planctomycetes","Summer_Coast_D1","Summer_Coast","Summer","Coast","D1",0
"250","Planctomycetes","Summer_Coast_D3","Summer_Coast","Summer","Coast","D3",13
"251","Planctomycetes","Summer_Coast_D5","Summer_Coast","Summer","Coast","D5",4
"252","Planctomycetes","Summer_Coast_D7","Summer_Coast","Summer","Coast","D7",0
"253","Planctomycetes","Summer_Offshore_D1","Summer_Offshore","Summer","Offshore","D1",0
"254","Planctomycetes","Summer_Offshore_D3","Summer_Offshore","Summer","Offshore","D3",35
"255","Planctomycetes","Summer_Offshore_D5","Summer_Offshore","Summer","Offshore","D5",43
"256","Planctomycetes","Summer_Offshore_D7","Summer_Offshore","Summer","Offshore","D7",12
"257","Planctomycetes","Winter_Coast_D1","Winter_Coast","Winter","Coast","D1",19
"258","Planctomycetes","Winter_Coast_D3","Winter_Coast","Winter","Coast","D3",15
"259","Planctomycetes","Winter_Coast_D5","Winter_Coast","Winter","Coast","D5",2
"260","Planctomycetes","Winter_Coast_D7","Winter_Coast","Winter","Coast","D7",0
"261","Planctomycetes","Winter_Offshore_D1","Winter_Offshore","Winter","Offshore","D1",15
"262","Planctomycetes","Winter_Offshore_D3","Winter_Offshore","Winter","Offshore","D3",0
"263","Planctomycetes","Winter_Offshore_D5","Winter_Offshore","Winter","Offshore","D5",0
"264","Planctomycetes","Winter_Offshore_D7","Winter_Offshore","Winter","Offshore","D7",1
"265","Planktomarina","Spring_Coast_D1","Spring_Coast","Spring","Coast","D1",78
"266","Planktomarina","Spring_Coast_D3","Spring_Coast","Spring","Coast","D3",125
"267","Planktomarina","Spring_Coast_D5","Spring_Coast","Spring","Coast","D5",154
"268","Planktomarina","Spring_Coast_D7","Spring_Coast","Spring","Coast","D7",165
"269","Planktomarina","Spring_Offshore_D1","Spring_Offshore","Spring","Offshore","D1",0
"270","Planktomarina","Spring_Offshore_D3","Spring_Offshore","Spring","Offshore","D3",11
"271","Planktomarina","Spring_Offshore_D5","Spring_Offshore","Spring","Offshore","D5",45
"272","Planktomarina","Spring_Offshore_D7","Spring_Offshore","Spring","Offshore","D7",83
"273","Planktomarina","Summer_Coast_D1","Summer_Coast","Summer","Coast","D1",286
"274","Planktomarina","Summer_Coast_D3","Summer_Coast","Summer","Coast","D3",119
"275","Planktomarina","Summer_Coast_D5","Summer_Coast","Summer","Coast","D5",193
"276","Planktomarina","Summer_Coast_D7","Summer_Coast","Summer","Coast","D7",108
"277","Planktomarina","Summer_Offshore_D1","Summer_Offshore","Summer","Offshore","D1",123
"278","Planktomarina","Summer_Offshore_D3","Summer_Offshore","Summer","Offshore","D3",247
"279","Planktomarina","Summer_Offshore_D5","Summer_Offshore","Summer","Offshore","D5",51
"280","Planktomarina","Summer_Offshore_D7","Summer_Offshore","Summer","Offshore","D7",161
"281","Planktomarina","Winter_Coast_D1","Winter_Coast","Winter","Coast","D1",70
"282","Planktomarina","Winter_Coast_D3","Winter_Coast","Winter","Coast","D3",130
"283","Planktomarina","Winter_Coast_D5","Winter_Coast","Winter","Coast","D5",327
"284","Planktomarina","Winter_Coast_D7","Winter_Coast","Winter","Coast","D7",189
"285","Planktomarina","Winter_Offshore_D1","Winter_Offshore","Winter","Offshore","D1",0
"286","Planktomarina","Winter_Offshore_D3","Winter_Offshore","Winter","Offshore","D3",0
"287","Planktomarina","Winter_Offshore_D5","Winter_Offshore","Winter","Offshore","D5",0
"288","Planktomarina","Winter_Offshore_D7","Winter_Offshore","Winter","Offshore","D7",0
"289","Rhodobacterales","Spring_Coast_D1","Spring_Coast","Spring","Coast","D1",32
"290","Rhodobacterales","Spring_Coast_D3","Spring_Coast","Spring","Coast","D3",22
"291","Rhodobacterales","Spring_Coast_D5","Spring_Coast","Spring","Coast","D5",19
"292","Rhodobacterales","Spring_Coast_D7","Spring_Coast","Spring","Coast","D7",15
"293","Rhodobacterales","Spring_Offshore_D1","Spring_Offshore","Spring","Offshore","D1",47
"294","Rhodobacterales","Spring_Offshore_D3","Spring_Offshore","Spring","Offshore","D3",39
"295","Rhodobacterales","Spring_Offshore_D5","Spring_Offshore","Spring","Offshore","D5",18
"296","Rhodobacterales","Spring_Offshore_D7","Spring_Offshore","Spring","Offshore","D7",26
"297","Rhodobacterales","Summer_Coast_D1","Summer_Coast","Summer","Coast","D1",188
"298","Rhodobacterales","Summer_Coast_D3","Summer_Coast","Summer","Coast","D3",179
"299","Rhodobacterales","Summer_Coast_D5","Summer_Coast","Summer","Coast","D5",274
"300","Rhodobacterales","Summer_Coast_D7","Summer_Coast","Summer","Coast","D7",77
"301","Rhodobacterales","Summer_Offshore_D1","Summer_Offshore","Summer","Offshore","D1",0
"302","Rhodobacterales","Summer_Offshore_D3","Summer_Offshore","Summer","Offshore","D3",10
"303","Rhodobacterales","Summer_Offshore_D5","Summer_Offshore","Summer","Offshore","D5",0
"304","Rhodobacterales","Summer_Offshore_D7","Summer_Offshore","Summer","Offshore","D7",0
"305","Rhodobacterales","Winter_Coast_D1","Winter_Coast","Winter","Coast","D1",57
"306","Rhodobacterales","Winter_Coast_D3","Winter_Coast","Winter","Coast","D3",27
"307","Rhodobacterales","Winter_Coast_D5","Winter_Coast","Winter","Coast","D5",52
"308","Rhodobacterales","Winter_Coast_D7","Winter_Coast","Winter","Coast","D7",5
"309","Rhodobacterales","Winter_Offshore_D1","Winter_Offshore","Winter","Offshore","D1",7
"310","Rhodobacterales","Winter_Offshore_D3","Winter_Offshore","Winter","Offshore","D3",25
"311","Rhodobacterales","Winter_Offshore_D5","Winter_Offshore","Winter","Offshore","D5",33
"312","Rhodobacterales","Winter_Offshore_D7","Winter_Offshore","Winter","Offshore","D7",19
"313","SAR11_clade","Spring_Coast_D1","Spring_Coast","Spring","Coast","D1",39
"314","SAR11_clade","Spring_Coast_D3","Spring_Coast","Spring","Coast","D3",55
"315","SAR11_clade","Spring_Coast_D5","Spring_Coast","Spring","Coast","D5",9
"316","SAR11_clade","Spring_Coast_D7","Spring_Coast","Spring","Coast","D7",32
"317","SAR11_clade","Spring_Offshore_D1","Spring_Offshore","Spring","Offshore","D1",87
"318","SAR11_clade","Spring_Offshore_D3","Spring_Offshore","Spring","Offshore","D3",85
"319","SAR11_clade","Spring_Offshore_D5","Spring_Offshore","Spring","Offshore","D5",101
"320","SAR11_clade","Spring_Offshore_D7","Spring_Offshore","Spring","Offshore","D7",253
"321","SAR11_clade","Summer_Coast_D1","Summer_Coast","Summer","Coast","D1",1
"322","SAR11_clade","Summer_Coast_D3","Summer_Coast","Summer","Coast","D3",0
"323","SAR11_clade","Summer_Coast_D5","Summer_Coast","Summer","Coast","D5",0
"324","SAR11_clade","Summer_Coast_D7","Summer_Coast","Summer","Coast","D7",24
"325","SAR11_clade","Summer_Offshore_D1","Summer_Offshore","Summer","Offshore","D1",125
"326","SAR11_clade","Summer_Offshore_D3","Summer_Offshore","Summer","Offshore","D3",69
"327","SAR11_clade","Summer_Offshore_D5","Summer_Offshore","Summer","Offshore","D5",164
"328","SAR11_clade","Summer_Offshore_D7","Summer_Offshore","Summer","Offshore","D7",62
"329","SAR11_clade","Winter_Coast_D1","Winter_Coast","Winter","Coast","D1",236
"330","SAR11_clade","Winter_Coast_D3","Winter_Coast","Winter","Coast","D3",256
"331","SAR11_clade","Winter_Coast_D5","Winter_Coast","Winter","Coast","D5",110
"332","SAR11_clade","Winter_Coast_D7","Winter_Coast","Winter","Coast","D7",131
"333","SAR11_clade","Winter_Offshore_D1","Winter_Offshore","Winter","Offshore","D1",157
"334","SAR11_clade","Winter_Offshore_D3","Winter_Offshore","Winter","Offshore","D3",132
"335","SAR11_clade","Winter_Offshore_D5","Winter_Offshore","Winter","Offshore","D5",198
"336","SAR11_clade","Winter_Offshore_D7","Winter_Offshore","Winter","Offshore","D7",224
"337","Synechococcus","Spring_Coast_D1","Spring_Coast","Spring","Coast","D1",11
"338","Synechococcus","Spring_Coast_D3","Spring_Coast","Spring","Coast","D3",73
"339","Synechococcus","Spring_Coast_D5","Spring_Coast","Spring","Coast","D5",499
"340","Synechococcus","Spring_Coast_D7","Spring_Coast","Spring","Coast","D7",268
"341","Synechococcus","Spring_Offshore_D1","Spring_Offshore","Spring","Offshore","D1",577
"342","Synechococcus","Spring_Offshore_D3","Spring_Offshore","Spring","Offshore","D3",635
"343","Synechococcus","Spring_Offshore_D5","Spring_Offshore","Spring","Offshore","D5",740
"344","Synechococcus","Spring_Offshore_D7","Spring_Offshore","Spring","Offshore","D7",402
"345","Synechococcus","Summer_Coast_D1","Summer_Coast","Summer","Coast","D1",9
"346","Synechococcus","Summer_Coast_D3","Summer_Coast","Summer","Coast","D3",2
"347","Synechococcus","Summer_Coast_D5","Summer_Coast","Summer","Coast","D5",11
"348","Synechococcus","Summer_Coast_D7","Summer_Coast","Summer","Coast","D7",8
"349","Synechococcus","Summer_Offshore_D1","Summer_Offshore","Summer","Offshore","D1",841
"350","Synechococcus","Summer_Offshore_D3","Summer_Offshore","Summer","Offshore","D3",442
"351","Synechococcus","Summer_Offshore_D5","Summer_Offshore","Summer","Offshore","D5",395
"352","Synechococcus","Summer_Offshore_D7","Summer_Offshore","Summer","Offshore","D7",292
"353","Synechococcus","Winter_Coast_D1","Winter_Coast","Winter","Coast","D1",232
"354","Synechococcus","Winter_Coast_D3","Winter_Coast","Winter","Coast","D3",42
"355","Synechococcus","Winter_Coast_D5","Winter_Coast","Winter","Coast","D5",120
"356","Synechococcus","Winter_Coast_D7","Winter_Coast","Winter","Coast","D7",110
"357","Synechococcus","Winter_Offshore_D1","Winter_Offshore","Winter","Offshore","D1",775
"358","Synechococcus","Winter_Offshore_D3","Winter_Offshore","Winter","Offshore","D3",698
"359","Synechococcus","Winter_Offshore_D5","Winter_Offshore","Winter","Offshore","D5",705
"360","Synechococcus","Winter_Offshore_D7","Winter_Offshore","Winter","Offshore","D7",547
"361","Verrucomicrobia","Spring_Coast_D1","Spring_Coast","Spring","Coast","D1",23
"362","Verrucomicrobia","Spring_Coast_D3","Spring_Coast","Spring","Coast","D3",20
"363","Verrucomicrobia","Spring_Coast_D5","Spring_Coast","Spring","Coast","D5",7
"364","Verrucomicrobia","Spring_Coast_D7","Spring_Coast","Spring","Coast","D7",13
"365","Verrucomicrobia","Spring_Offshore_D1","Spring_Offshore","Spring","Offshore","D1",1
"366","Verrucomicrobia","Spring_Offshore_D3","Spring_Offshore","Spring","Offshore","D3",5
"367","Verrucomicrobia","Spring_Offshore_D5","Spring_Offshore","Spring","Offshore","D5",9
"368","Verrucomicrobia","Spring_Offshore_D7","Spring_Offshore","Spring","Offshore","D7",11
"369","Verrucomicrobia","Summer_Coast_D1","Summer_Coast","Summer","Coast","D1",0
"370","Verrucomicrobia","Summer_Coast_D3","Summer_Coast","Summer","Coast","D3",11
"371","Verrucomicrobia","Summer_Coast_D5","Summer_Coast","Summer","Coast","D5",14
"372","Verrucomicrobia","Summer_Coast_D7","Summer_Coast","Summer","Coast","D7",0
"373","Verrucomicrobia","Summer_Offshore_D1","Summer_Offshore","Summer","Offshore","D1",0
"374","Verrucomicrobia","Summer_Offshore_D3","Summer_Offshore","Summer","Offshore","D3",28
"375","Verrucomicrobia","Summer_Offshore_D5","Summer_Offshore","Summer","Offshore","D5",37
"376","Verrucomicrobia","Summer_Offshore_D7","Summer_Offshore","Summer","Offshore","D7",40
"377","Verrucomicrobia","Winter_Coast_D1","Winter_Coast","Winter","Coast","D1",0
"378","Verrucomicrobia","Winter_Coast_D3","Winter_Coast","Winter","Coast","D3",0
"379","Verrucomicrobia","Winter_Coast_D5","Winter_Coast","Winter","Coast","D5",0
"380","Verrucomicrobia","Winter_Coast_D7","Winter_Coast","Winter","Coast","D7",0
"381","Verrucomicrobia","Winter_Offshore_D1","Winter_Offshore","Winter","Offshore","D1",0
"382","Verrucomicrobia","Winter_Offshore_D3","Winter_Offshore","Winter","Offshore","D3",6
"383","Verrucomicrobia","Winter_Offshore_D5","Winter_Offshore","Winter","Offshore","D5",0
"384","Verrucomicrobia","Winter_Offshore_D7","Winter_Offshore","Winter","Offshore","D7",2
"385",NA,"Spring_Coast_D1","Spring_Coast","Spring","Coast","D1",NA
"386",NA,"Summer_Coast_D1","Summer_Coast","Summer","Coast","D1",NA
"387",NA,"Winter_Coast_D1","Winter_Coast","Winter","Coast","D1",NA
